Folder Name,View,Left_Elbow_Angle_mean,Left_Elbow_Angle_std,Left_Shoulder_Angle_mean,Left_Shoulder_Angle_std,Left_Knee_Angle_mean,Left_Knee_Angle_std,Left_Hip_Angle_mean,Left_Hip_Angle_std,Left_Ankle_Angle_mean,Left_Ankle_Angle_std,Right_Elbow_Angle_mean,Right_Elbow_Angle_std,Right_Shoulder_Angle_mean,Right_Shoulder_Angle_std,Right_Knee_Angle_mean,Right_Knee_Angle_std,Right_Hip_Angle_mean,Right_Hip_Angle_std,Right_Ankle_Angle_mean,Right_Ankle_Angle_std
adho mukha vriksasana,Arm-Specific (Mixed),139.04693239017752,0.0,21.002193350644223,0.0,172.23676021504104,0.0,76.14805056295239,0.0,108.50095477823346,0.0,152.45821081478965,0.0,140.60008765038265,0.0,160.82998739692962,0.0,125.54073421804593,0.0,75.98838140736032,0.0
adho mukha vriksasana,Arm-Specific (Partial Extension),169.9441224705523,0.0,40.84065219411241,0.0,172.23676021504104,0.0,137.39024501651167,0.0,108.50095477823346,0.0,152.45821081478965,0.0,140.60008765038265,0.0,160.82998739692962,0.0,125.54073421804593,0.0,75.98838140736032,0.0
adho mukha vriksasana,Back View (Full),135.12524555622315,12.177029083147113,129.32040946266076,12.564134471960035,172.18447386669,4.95799781604878,138.40161801094914,20.004914767750282,109.5997316428892,23.619632123533943,146.79581200727662,26.74696849765347,139.89642287548642,15.914381546827714,136.36259475740593,54.48737552546674,127.56075152643676,28.734000331547985,68.31180708774451,36.08110850852861
adho mukha vriksasana,Rare or Mixed View,136.46273832651892,0.0,140.7123670368829,0.0,106.052995123413,0.0,155.8985533751161,0.0,124.65185645833222,0.0,150.91988844847805,0.0,142.0621794348274,0.0,166.40391891004887,0.0,147.94173206203808,0.0,123.86085790659467,0.0
adho mukha vriksasana,Side View (Perfect - Near Full),134.5358720417055,38.771652358659935,149.13485987073642,19.890898348210364,132.39838957968132,52.15776520569844,117.31585062301684,45.165683442211986,90.16397323215203,32.74994123398871,157.26366951539885,13.67907481616694,152.73795239619636,18.23090214490238,137.16736773880046,58.363380127373944,115.09270491264037,12.39524892551732,93.8134458606777,55.013500758856665
adho mukha vriksasana,Side View (Perfect - Partial),149.75522267338766,15.14380934834382,168.25310138107602,12.93515663448488,174.4077699371869,3.0702713931025314,116.65562315498592,29.32318344724739,60.899627067198445,67.31844323591196,152.45821081478965,0.0,140.60008765038265,0.0,158.14741136118454,3.7937354118477633,135.30039443331177,13.802243840582065,120.1136636783708,62.4025726312041
ananda balasana,Arm-Specific (Extended Side View),168.24793692667325,0.45597738888619627,51.16604850159568,26.596876398773965,67.92284961416831,39.250596424237905,33.3263126447368,6.403619776916864,74.70455706922328,22.36304258014239,167.33871220910277,3.023959401257214,59.13945414248376,4.849211257463521,94.71982764009663,2.4150253135500703,28.070363945498617,10.549311387384234,73.87241796134214,7.914142893203421
ananda balasana,Arm-Specific (Mixed),154.02671398931764,0.0,12.975513180732218,0.0,92.34379385702876,0.0,53.916328704845085,0.0,111.50224092072276,0.0,164.45884855656746,0.0,62.07295556174218,0.0,93.57105185789489,0.0,21.455251032320035,0.0,77.75625095774937,0.0
ananda balasana,Arm-Specific (Partial Extension),172.38196525043807,3.5385061196041367,50.29052471109763,6.549805659956918,89.32521059528483,8.920425631450575,56.11332543570817,76.76787360442083,84.4254660048669,9.456705213171341,168.44710003421235,6.362544832425243,59.93403283707224,25.701246746109593,121.8055083246129,30.84907988141684,69.83838510211484,53.03485586901573,79.52745672235562,6.915775795846376
ananda balasana,Back View (Full),167.72008926371527,0.6989252794169043,62.40460018559064,16.465127547638048,91.30205535156551,6.620530365739428,22.420828469031385,2.9149790509259854,84.99101755893197,2.667332360803789,166.12961953721,1.908578951664995,68.91763949433079,10.502004741009268,98.82372510943915,11.74533445404781,23.452705362561268,5.672525460488225,80.10471800058576,3.2222779835922637
ananda balasana,Front View (Perfect),157.38416356466462,0.0,72.26858687464214,0.0,74.24419126165654,0.0,37.87341577042386,0.0,83.83577708347912,0.0,147.20815745796293,0.0,50.723404099231,0.0,99.08451579061096,0.0,65.7875037994511,0.0,77.75625095774937,0.0
ananda balasana,Oblique View (Mild),175.63640990894325,3.7300655856522087,60.3693516868548,18.41156081815142,79.68713176106654,17.987123807800995,14.160622359701884,9.03141846265468,75.3506063763089,21.851887010022917,116.40572321297186,72.38255577958554,37.35054256717273,36.35133602509908,54.26329680957404,48.03828430528068,8.580460889984321,6.791643484757618,49.74405101825571,43.76488477283458
ananda balasana,Oblique View (Moderate),149.93567160301498,20.96900754330946,49.11431237677632,3.728866522958543,96.03418392098712,15.385839516801177,24.30512572013245,14.693674703311856,83.3399138792457,0.9164727684356239,161.15258677052515,4.584637848482946,61.91233959967156,6.860174506455825,92.90385095188445,1.3344018120208636,17.883079333120314,4.4354435977505515,78.86218548336906,2.211869051239374
ananda balasana,Oblique View (Strong),168.03265815090913,0.0,50.55764188893402,0.0,88.34126416258653,0.0,23.72444673120305,0.0,83.79815026346351,0.0,111.53446839256026,0.0,15.727137003567885,0.0,93.57105185789489,0.0,21.455251032320035,0.0,77.75625095774937,0.0
ananda balasana,Rare or Mixed View,163.82685658355626,10.389338315890454,29.119516202511548,22.00273059183566,57.47393832805863,43.7131419074143,17.931403286271866,10.033845577074647,99.34702774089213,30.82825976467403,168.6276699590051,7.220610476702536,48.70202057067966,29.937226308979504,71.86412599161095,34.40895550109356,23.27956673610613,3.3903339593579163,72.07129665923536,34.12927685230696
ananda balasana,Side View (Perfect - Near Full),167.26039982175294,1.0921382027482662,33.67126659248817,23.880940963555712,131.17262192418457,60.57268704130608,52.70640244133424,40.9866748293639,83.7793368534557,0.026606179587513826,164.45884855656746,0.0,62.07295556174218,0.0,93.57105185789489,0.0,21.455251032320035,0.0,77.75625095774937,0.0
ananda balasana,Side View (Perfect - Partial),168.03265815090913,0.0,73.84100074641935,0.0,102.37004550366554,0.0,21.686631872645897,0.0,103.17671074143084,0.0,164.45884855656746,0.0,62.07295556174218,0.0,93.57105185789489,0.0,21.455251032320035,0.0,77.75625095774937,0.0
anantasana,Arm-Specific (Mixed),173.47604040776847,4.269140747107344,148.12014229370334,26.84983336873352,176.00861958270107,2.7969235707230458,134.6166316126207,68.96999435623185,149.5285000561581,38.764259998111356,176.52030737008712,1.5096999221050267,132.32694345291944,27.25192270603671,175.77056055069644,2.9111775937727207,93.71324527463264,68.89029161365333,53.640315408490345,39.95291620528014
anantasana,Arm-Specific (Partial Extension),132.29993094676672,62.78350902605005,126.64047642319356,26.695424114152612,177.5778188383781,1.3253873923951214,125.8623854812904,53.033274308158624,109.92774380988317,60.92287931885276,149.58121669716314,50.889942651804084,145.3944554396588,22.03797792130112,178.61286331715414,1.4940258850330097,121.15405760841043,63.61036624881921,42.026158621984486,42.44434143843806
anantasana,Rare or Mixed View,158.01258589680242,38.16749607040846,129.30929333956507,36.74019760502925,168.49169541421801,31.74381505857002,132.62191723230447,40.185004634162205,132.16350083398223,45.07865239218128,160.36825883110666,37.571842523952384,124.04559900351288,39.75757662348904,172.5887515392962,7.816449897420046,108.34615024351855,53.453550495005324,54.96508286668345,44.20623183571447
anjaneyasana,Arm-Specific (Extended Side View),165.10844082755904,0.0,159.28174469223876,0.0,116.016971258943,0.0,111.04322798293238,0.0,84.60516825876476,0.0,165.81236826255432,0.0,147.22403915155192,0.0,168.2206119946156,0.0,128.98970370664742,0.0,158.0157156500694,0.0
anjaneyasana,Arm-Specific (Mixed),166.46881641980175,2.2266874594067967,137.37476964986305,66.9529118028979,101.56342711445836,27.351441035682004,101.83782781560443,29.469689374434278,47.87377437757247,39.818230905791,161.38751693514834,4.266043800425092,135.74819831460132,62.09233521460246,102.97315582840402,36.48589289347047,108.10782018082769,34.38747270509888,100.51815817025523,69.30813975049395
anjaneyasana,Arm-Specific (Partial Extension),166.13679066849014,0.0,179.33146370919388,0.0,64.4349700454441,0.0,86.5681732819611,0.0,95.02129019798676,0.0,173.02719897508834,0.0,74.95089461173879,0.0,137.76509072056643,0.0,86.63579666956807,0.0,7.395759700001424,0.0
anjaneyasana,Back View (Full),171.37635653883564,0.0,53.95791345575359,0.0,72.43784747682656,0.0,131.0821865660125,0.0,54.021914066389,0.0,161.50978666522292,0.0,159.248940160586,0.0,73.52628199750708,0.0,74.58455150385511,0.0,92.88678720264524,0.0
anjaneyasana,Rare or Mixed View,173.43931935067332,5.355161172525728,38.43108199709549,18.110651631582286,85.94236754764046,26.259574482517603,91.31186340662212,36.335992994062565,57.72216379193678,63.8835882219578,168.68798979653275,9.820258404356125,90.15258659223272,100.33401282802568,116.16902629735068,48.07664762224118,117.76514107282246,7.370151343698415,51.2768796996129,59.151048106108696
anjaneyasana,Side View (Perfect - Near Full),161.64622249027522,6.029880160138075,163.41134163474152,7.150107723026049,92.10703998833914,39.43080145332638,103.7705687406743,22.96975584436237,96.54419440810355,52.15847698477132,160.06204558418253,4.991727061502389,162.9604326872155,7.918108914175879,118.34206551630243,35.495830343777556,112.01824424138057,18.62827401738513,127.38653892910106,69.48180284370954
anjaneyasana,Side View (Perfect - Partial),159.5316053930737,18.648825909849396,138.57668299405825,51.35024519922605,112.22353246044287,30.63727724878721,118.57154428939658,31.83127571283274,72.97463865557587,65.41596296055917,158.1597000474699,16.972222609214906,126.02990260991392,61.38964929488524,90.15046756193797,35.02518074398459,97.09078555079199,35.357232322657396,108.01351762316203,43.78531473253134
ardha matsyendrasana,Arm-Specific (Extended Side View),123.07981350170448,60.697717329795886,35.90142913652781,4.794318329930484,55.504432354187934,22.74977009900274,83.97870916824999,3.2103293305203007,138.61577318087976,13.728582244148972,108.26691003252805,89.40674477057297,42.468753192996004,19.679632312166355,48.94296925238852,0.0,101.16875078331061,45.987126836317444,54.34219503765431,0.0
ardha matsyendrasana,Arm-Specific (Partial Extension),129.7211141000394,68.0871382831314,34.0609927464974,18.03433343953173,50.99618932898706,38.301204589831386,79.10138287285801,25.60667150712219,137.74839105238806,37.21024963221191,125.05680788636315,63.447936553383315,34.29559364526563,10.751570093893243,59.68769810947141,44.252906617749055,64.49652682278005,27.45749131356825,53.978667034966996,43.76535510500151
ardha matsyendrasana,Back View (Full),167.91551130745927,1.873734586030852,30.654015115337543,6.695960571847694,24.659331985070324,20.871789175762746,86.08916770809334,33.09174379835905,162.12579538588523,19.51961000986235,119.29366683332896,1.668650151301766,6.452537983763406,0.45164514012830786,28.930443934259138,8.037413345529622,81.50766393256828,78.02753386311332,123.71993855508775,74.20625977843446
ardha matsyendrasana,Back View (Partial),169.24044173938546,0.0,35.3887742422488,0.0,20.78206245657153,0.0,41.729237364494736,0.0,133.33294895075736,0.0,156.48159952572604,0.0,37.640939441618364,0.0,48.94296925238852,0.0,126.92155852327868,0.0,54.34219503765431,0.0
ardha matsyendrasana,Front View (Mixed),169.24044173938546,0.0,35.3887742422488,0.0,88.17097533368992,0.0,85.63807218124681,0.0,114.70037534485104,0.0,158.024963030257,0.0,28.18952385737401,0.0,17.59330741042515,0.0,104.7770354933714,0.0,12.05893001000743,0.0
ardha matsyendrasana,Front View (Partial),175.2494031507406,0.0,48.88728904380699,0.0,21.38661425042852,0.0,74.95716423898558,0.0,149.74635723965784,0.0,175.89228882953032,0.0,36.14461129851059,0.0,12.01616619143746,0.0,1.0068187324187243,0.0,63.624276110896105,0.0
ardha matsyendrasana,Rare or Mixed View,142.22976601505687,51.54146247442732,38.50385379558398,12.592126690647797,50.29142269398278,48.44670938804601,76.87104336078586,19.548451413405875,133.42205353169084,48.83476621016958,163.1962801594031,27.056469286631117,32.9595477283232,12.56157384630964,52.4782859515586,24.945391630324025,72.145501499097,20.350482946456232,49.52745218964076,26.9152630184527
ardha matsyendrasana,Side View (Perfect - Near Full),169.24044173938546,0.0,35.3887742422488,0.0,39.41791564674814,0.0,81.70866352879702,0.0,148.32334678179473,0.0,167.84129289415333,0.0,33.152042777895915,0.0,48.94296925238852,0.0,68.65094155006469,0.0,54.34219503765431,0.0
ardha matsyendrasana,Side View (Perfect - Partial),148.11720286637177,46.03808008300049,29.171279417472487,6.142686790656817,67.54897730989175,53.336148064499575,98.9605244341194,36.02128929014404,154.25409260686817,24.117652899168387,132.97609626049524,63.81191103848242,45.402726795790045,14.443819997713833,48.257412037365974,24.29514178693614,58.0708988934386,28.3728408371747,41.37686849657786,23.078922950531435
ardha pincha mayurasana,Arm-Specific (Extended Side View),88.54537721916272,0.0,154.36506093596552,0.0,159.0766617770463,0.0,63.18874294187266,0.0,147.40815417368225,0.0,73.56676314656839,0.0,154.0639480853902,0.0,174.47621464171522,0.0,62.71190012799772,0.0,131.49936497650634,0.0
ardha pincha mayurasana,Arm-Specific (Mixed),105.40397530036225,25.3347767890057,167.49779879343737,11.436976129606604,176.34756162582394,0.7485582246288367,61.319283755805245,7.117654403724156,55.0196630222585,3.902233833393355,110.26033629008714,2.5594465916099853,173.77130482833812,2.532089205060229,177.21118164125807,1.2426321613254736,50.583300788979045,3.3215034165246564,118.53531616595721,1.7197669126499342
ardha pincha mayurasana,Arm-Specific (Partial Extension),103.72680807926356,0.0,164.1204027761321,0.0,176.09767107070817,0.0,58.95094536430855,0.0,56.53688226984387,0.0,134.27135405386468,52.29043279033857,166.16564588993157,9.040668313055672,175.8418728344575,0.6475733730233117,53.090634871726564,8.744175489470935,116.53773651577598,7.447888755712663
ardha pincha mayurasana,Back View (Full),99.98457766535597,5.292313004873183,158.030330758988,8.612662442474072,176.74119006948013,0.9100732957080805,57.530627960663644,2.008632135109171,58.057074380520916,2.1498763003320644,127.20904194808563,20.018080927954763,171.76896888901712,0.38257163166619296,177.43243013484246,1.056957384914944,55.18044683869745,2.303661127611039,121.49246536359041,3.326555431304525
ardha pincha mayurasana,Back View (Partial),103.72680807926356,0.0,170.08292159207093,0.0,176.09767107070817,0.0,58.95094536430855,0.0,56.53688226984387,0.0,113.05412117758772,0.0,172.03948788405788,0.0,176.6850484005439,0.0,53.55151243380784,0.0,119.14023546012204,0.0
ardha pincha mayurasana,Rare or Mixed View,108.9271047211577,36.923269181073756,138.08718732602304,48.368160638625476,175.11097139375786,2.2207972624761534,62.53618350100362,11.632946647503852,53.217397633743786,7.1853663037668225,121.46900535473772,20.612172478637426,154.54310384785703,42.85721323246931,176.6850484005439,0.0,53.55151243380784,0.0,119.14023546012204,0.0
ardha pincha mayurasana,Side View (Perfect - Near Full),110.57447251762437,12.747743468082799,169.43089879699804,11.125764854496468,174.1877407349249,5.575478428881144,56.87559388692684,3.6919838446721127,56.01421798513381,3.6982875864481004,113.05412117758772,0.0,173.8829022843266,3.6868288005374388,177.19279638131303,1.0154959615382164,53.52675052427619,0.04952381906329192,120.23999341407756,2.1995159079110187
ardha pincha mayurasana,Side View (Perfect - Partial),106.5353377271799,14.003471343547458,166.59331494851546,3.908918850780075,176.67766090187442,1.2968966887463864,59.093133934997056,0.31794330968304696,56.36120008994146,0.3928372966971447,114.68619351520188,2.342199843118115,172.7702232666811,1.6339739891098588,176.60361183758306,1.238950162954605,54.11175672972738,1.19814289095639,117.69493750565911,2.168664301006291
bharadvajasana i,Arm-Specific (Extended Side View),155.02813332810558,25.273146722639176,29.704599437290995,9.54753169130431,56.8114037009104,0.0,115.94625059780304,15.44322847859314,122.5362888883621,0.0,167.46367859177164,6.95241472091719,34.97826400039319,25.71176415910969,23.87401911556437,0.0,135.18811389994548,10.496474398544452,70.03772941762978,0.0
bharadvajasana i,Arm-Specific (Mixed),166.92066310875646,0.0,32.526433085326474,0.0,56.8114037009104,0.0,106.31356077547396,0.0,122.5362888883621,0.0,163.44970008113216,0.0,44.15648165003733,0.0,23.87401911556437,0.0,122.8075552032342,0.0,70.03772941762978,0.0
bharadvajasana i,Arm-Specific (Partial Extension),164.71277584275333,12.633374861395913,29.085922477338826,5.142341585678687,80.89375076276002,30.868233750009388,89.30110274094405,14.293419762318173,119.2730869870448,26.43379972231451,165.61162171791506,8.278242400422423,25.046617937356203,10.419026109980459,45.03233975289698,33.36159337908493,123.46093495503087,43.32077306246517,48.788425781392014,30.750928655502793
bharadvajasana i,Back View (Full),166.20692559893766,12.79532678382195,39.03354487185845,14.26951387009998,43.78050749143407,18.456765922498494,108.79072659900449,57.831537881955235,103.30576658699424,58.50463402224902,159.60275787326955,14.233970227452836,18.92039846790154,1.9887091849127045,21.558021536721554,5.178728022017461,96.15922241422824,48.546232292288536,80.97861160073077,24.464556295230146
bharadvajasana i,Front View (Partial),166.92066310875646,0.0,27.387658241480064,0.0,56.8114037009104,0.0,102.15688160631036,0.0,122.5362888883621,0.0,162.4511263758285,0.0,21.010655010250236,0.0,23.87401911556437,0.0,122.18088098119804,0.0,70.03772941762978,0.0
bharadvajasana i,Rare or Mixed View,161.27512750937038,32.07188505238596,30.80326058245527,15.89119740530002,64.62503317313596,37.52740391117176,96.98228595070638,27.137536170323123,117.36123865122315,36.307975294538245,159.7726933500756,27.641123715536214,24.476914650108846,11.082563573201234,26.319096158263225,9.205403508227741,114.67074886937165,28.20381472789647,65.59139226467236,16.03149659298852
bharadvajasana i,Side View (Perfect - Near Full),139.17766384523915,40.405890261601115,33.17679678740885,8.114342698994914,46.901764356301314,19.81927868921817,123.8441414141368,19.502532429465614,92.1604742060633,60.751629364597605,163.69934350745808,0.4992868526518374,18.401150045739108,3.464839992103865,23.87401911556437,0.0,107.04864388109986,15.371179948935804,70.03772941762978,0.0
bharadvajasana i,Side View (Perfect - Partial),153.851464124131,29.683121788349467,32.523005858979325,11.259258311952935,56.62752539173611,0.48649627757421887,116.80886355021562,24.737116887360852,127.61755059706994,13.443754827676079,153.9978166895134,19.58304336632509,20.590161420741122,12.071238017994833,22.770802798177034,2.918836018115393,124.00356930832247,19.48711374198143,87.59052518249699,39.599880591328514
camatkarasana,Arm-Specific (Mixed),129.4588276572243,0.0,178.02218002290232,0.0,174.7142027911263,0.0,122.4576823741118,0.0,112.5183385763025,0.0,175.8141017604175,0.0,122.83904022087192,0.0,174.03896116972317,0.0,94.11274867307016,0.0,68.12391584217484,0.0
camatkarasana,Arm-Specific (Partial Extension),161.03356396912733,18.33231756431578,134.6365106485593,26.944981141615347,167.90028244766177,19.746277075105315,119.11308803136357,23.555645747356483,108.83201066033132,19.15396546943271,154.95438991738393,35.059914893610646,133.73088014145006,40.16839804122481,154.58328448540632,27.474107317126183,114.72817211421261,32.01192007591808,74.10319173644743,16.617984990861693
camatkarasana,Oblique View (Mild),177.9189660825071,0.012829240973296147,95.23015221698435,18.25690683453444,175.42018120761944,1.5766838601219826,121.29591968614614,13.884890008681372,118.80106332564159,1.2587881725502954,159.36122265954447,15.978369584829357,140.687328611329,0.24650557984163174,125.70602701454382,1.4124933652343623,142.09629656557763,13.597368437463048,80.78047274701767,5.851082009755821
camatkarasana,Oblique View (Moderate),148.1085152904621,0.0,178.1747047723826,0.0,154.33478401679326,0.0,125.2949426082976,0.0,101.47440780811144,0.0,170.6596361452822,0.0,140.86163437843533,0.0,163.15350357923754,0.0,106.44387012014435,0.0,69.40772704912541,0.0
camatkarasana,Rare or Mixed View,168.16143672733983,15.769148826899302,128.75681630164974,25.527849572754786,156.0671749826656,26.689734304112516,117.82185211919575,26.476059897196844,107.9951595376268,12.922594239865687,168.53972542184107,11.418113218217602,136.2826747915745,23.85749802472701,157.05307425834903,22.921101073071817,116.38461628241198,24.58134534177284,71.65232444820408,13.279423909514623
dandasana,Arm-Specific (Mixed),170.1218583633399,8.317394886409705,12.152218976670992,10.56967797783272,172.6415837685939,4.129690268870924,111.32930152195456,12.950779489110007,124.28401026927484,75.61491606821701,171.51016058916875,4.481562916323725,10.714394482642913,2.538485582008846,150.71823038430597,64.33668349601953,111.35119586387562,13.513129429018734,49.95054551473631,73.91361913438955
dandasana,Back View (Full),168.97802560379253,5.407586300255922,8.397484494245177,3.559496783893212,175.11172403280665,0.5734937629849408,98.32347390348903,4.020941508415877,175.04187060103396,3.369735810811436,165.59614559557136,11.826210716679839,15.528438070941073,5.546920659019376,154.95583845726415,41.979693402575485,104.3175928237384,6.12995856461287,31.923781867468453,51.47802164088617
dandasana,Back View (Partial),139.48109049028665,74.25241438396597,10.948769560735585,10.042848513678448,177.12747591376956,2.5632373793215684,87.49188760752638,5.642857519422591,177.3209287324043,3.311677806609291,171.50925095391128,0.0,10.908154806193924,0.0,175.9456851585519,0.0,101.25261354143196,0.0,6.184771047025367,0.0
dandasana,Side View (Perfect - Near Full),171.6242705534974,2.883477863502038,8.041018482020485,1.569176184253158,168.54461014359705,18.790252387117672,100.4185810341148,4.077783874203242,155.06574831803144,45.31988960964525,168.94589439492603,6.599653144168811,11.363103185215431,5.921189687659395,173.5461040672694,6.4203217104951875,98.70654043872388,5.8179531008028835,20.345911161094794,44.98808066114826
dandasana,Side View (Perfect - Partial),170.19842267885616,6.100659245192387,19.245958364079932,42.652358850418096,174.82660669000853,1.6503554305331998,102.16346006742994,4.412705287168979,140.47938080375792,67.14055266526057,171.40144342867436,7.243760553742774,18.547022568523058,35.44914815807267,177.0607941985151,1.5611716584709003,100.75507136129332,4.087038999220365,5.009227033745487,2.419606780592508
durvasasana,Arm-Specific (Mixed),43.14529174792844,0.0,66.3808014775933,0.0,131.2751500736593,0.0,123.24192735537136,0.0,121.7914263069975,0.0,67.07130972363704,0.0,34.205058743606145,0.0,147.99675276756753,0.0,144.55999103658806,0.0,74.76484938546744,0.0
durvasasana,Arm-Specific (Partial Extension),43.14529174792844,0.0,66.54422044704575,0.28304995801218397,102.10046835135978,41.98530957641517,84.68423673170538,43.41911973288494,136.83240715996,26.051743033001753,54.83973747395935,3.739864073786894,75.35840689940687,9.257622387893143,155.81375899869587,3.1879031426132913,159.19573379744057,14.59704533614419,73.12529718191703,12.79671384198942
durvasasana,Back View (Full),31.405012393246544,14.246426976913979,66.87319582964888,2.357756655126405,130.29632543724387,24.136904546676114,98.79143473385949,51.40315529831988,130.20197673051527,33.17256603396118,62.525808284288,18.640327808265923,39.32555197502636,29.34770446400738,119.25006693612949,37.47356936505835,91.49121166446692,39.838846789773406,49.947640321149045,35.05536350440551
durvasasana,Back View (Partial),95.16464257498475,0.0,2.432541009721585,0.0,126.34069813731286,0.0,135.1744018864049,0.0,111.42811233068188,0.0,51.27902607926701,0.0,75.85251671830149,0.0,159.03634605623603,0.0,140.50927503618271,0.0,81.23368627772851,0.0
durvasasana,Front View (Mixed),43.14529174792844,0.0,72.86595128781511,0.0,52.9135330295864,0.0,82.79311448454521,0.0,140.17091451773305,0.0,40.15361856290174,0.0,101.54167330590396,0.0,147.99675276756753,0.0,144.55999103658806,0.0,74.76484938546744,0.0
durvasasana,Front View (Partial),38.70425070288189,6.2805804769604165,88.12525004080405,30.751294064416808,83.46748897847151,60.631873854891836,75.44441882749491,48.51863860278429,148.76958429875367,38.152876919785655,107.75344504780246,95.16078703937278,91.23237214002269,12.423150826437325,147.69871692804327,6.261971595626503,157.1715914600382,17.33881994507564,55.11008412197464,4.998454617733401
durvasasana,Front View (Perfect),154.910159941522,0.0,31.067975250036827,0.0,126.34069813731286,0.0,109.75227719746309,0.0,121.7914263069975,0.0,165.00575531666212,0.0,78.15510686692622,0.0,147.99675276756753,0.0,144.55999103658806,0.0,74.76484938546744,0.0
durvasasana,Rare or Mixed View,45.66871386646889,8.314007869094803,68.84832963337719,18.029723796447822,123.48416812059817,48.091167221097265,88.67229667460168,56.2421327872565,121.19063706875785,39.90895082747225,46.05524518478933,6.668469762943044,61.68297227488378,25.14806388175459,142.72960665130913,34.86521287662895,121.67042958379169,57.751304389914715,71.31960346665649,30.568128444831235
durvasasana,Side View (Perfect - Partial),28.304631515817533,0.0,43.2613377832534,0.0,159.99634987801767,0.0,125.94282406207198,0.0,104.878076446129,0.0,51.27902607926701,0.0,75.85251671830149,0.0,137.26756636317936,0.0,49.78665103602304,0.0,145.450771285969,0.0
eka pada koundinyanasana,Arm-Specific (Extended Side View),129.7981135076189,8.938079688298416,45.914517805068044,24.90347489549512,145.57903337004979,13.142639512518763,151.61439932172473,17.58127792356112,154.55749880168395,21.401345267337973,141.99755182061557,26.080668245548196,62.398251482652896,15.324734762852529,165.70562199416997,7.845512863510971,59.45880204778451,42.74907923128131,64.63243388804183,14.531077903123178
eka pada koundinyanasana,Arm-Specific (Mixed),136.7120385308654,10.51663211066046,65.13664207827725,18.243104802857985,163.9206095968907,10.295626493962118,97.93278817507435,85.04953065768618,122.6877251332295,49.33172126727705,111.05340076592755,30.810392900356227,44.29092020699943,23.22053043245845,147.43062337623383,23.42901593007773,90.51164650528179,79.19232165197106,51.67236111958634,36.396856819438995
eka pada koundinyanasana,Arm-Specific (Partial Extension),125.67255365270982,31.11525844334751,64.3664420339873,14.147586338059494,144.5081277393747,33.7410569982103,109.61313941277378,56.72620308840236,117.45487537721844,38.729493329508884,121.23206589326631,26.569825093044397,53.521323256518436,21.396969927629566,142.9739030007943,35.05036098973385,105.04019460556331,68.07688795829945,82.1578498535117,58.24154091181585
eka pada koundinyanasana,Front View (Mixed),149.31697155655746,26.06704977537018,62.70720107680527,6.207209721880065,163.66496337593276,11.976800277861217,138.3540254070878,0.0,91.71975684579309,64.808831201546,124.49311262739214,0.0,56.73951261060724,0.0,155.00672031961147,0.0,122.55568071808024,0.0,72.92905501281096,0.0
eka pada koundinyanasana,Oblique View (Mild),114.92756858707509,17.387494546840422,51.61335434595336,19.90051622480569,157.19176935189682,7.95732672285035,78.10079087617406,49.70244706599022,102.43269058357261,63.451113119939045,119.37616335406868,8.862816121148882,57.13592930718411,0.6866138594397481,154.00116888683036,1.7311700454682772,110.68503878131241,37.66940393485961,85.74182613009053,50.85626375354689
eka pada koundinyanasana,Rare or Mixed View,132.9670567333004,27.000207407735214,70.48606130976653,19.956460457168387,156.32559515951297,7.842454057200348,125.98794380454959,47.2934322736663,113.07439290384025,42.80511494921654,117.92095096388373,34.58281135023043,47.44799278706822,41.89521112763161,161.9118919974763,18.456966130495157,146.62463719090255,25.945096617942767,114.61045258506545,44.62882101964407
eka pada koundinyanasana,Side View (Perfect - Partial),134.26715335176812,0.0,66.2909352806492,0.0,129.89219054131723,31.894715465090943,146.7556067587992,8.52245607150909,137.19242238170543,10.19016048642237,133.89007520336799,12.654348783238,68.08578412498488,4.792829626883345,143.72799543589335,14.55427851613566,10.12936741991361,6.498489703182479,66.7739816067074,11.786761861456352
eka pada rajakapotasana,Arm-Specific (Partial Extension),62.78820978261166,44.49595849813749,57.76004386493248,26.983421338057912,35.85442562370016,12.092456049282681,99.3502477113784,8.98687862781073,112.3300029223949,52.817159308471,76.79247963812985,34.463138357062086,68.57166968534757,30.37215740706289,44.75052190971467,51.807092125362686,99.96937737079557,15.798829304351624,51.44291861430333,66.58171734223467
eka pada rajakapotasana,Back View (Full),51.01431653140444,0.0,85.39886033910119,0.0,45.29554732102942,0.0,107.15094342233708,0.0,115.13878717743948,0.0,64.92077151284745,0.0,65.31954693536447,0.0,58.609298741282046,0.0,68.6757511635947,0.0,76.81974317918439,0.0
eka pada rajakapotasana,Front View (Mixed),51.01431653140444,0.0,102.492207623177,24.173643555493314,31.006761995048436,20.207393997839972,92.25621145672122,14.662744166743394,142.3551111085071,38.48969442125525,58.650978620383285,8.866826141793261,123.94456365889636,74.60539876561354,38.651434195164256,23.514129582839317,102.37591297091632,9.987138850625062,39.5872605945341,44.86105746443302
eka pada rajakapotasana,Rare or Mixed View,56.25153552650077,4.559594835185731,135.15906702586562,53.35940903602784,56.84760488266915,9.908027746174481,97.60845465559969,7.517541539772052,108.57786004473432,9.18124447493053,96.44883253900666,54.60820356143988,44.89567535120593,30.109234550690584,29.371198723100054,15.082885242563263,101.42464912738006,23.192426631322174,28.38281798797992,16.33144371523953
eka pada rajakapotasana,Side View (Perfect - Near Full),57.88971906531335,0.0,160.41269038387233,0.0,60.28079619906729,0.0,99.6250664785748,0.0,105.37148676785316,0.0,64.92077151284745,0.0,167.6818798910238,0.0,15.199022265166228,0.0,108.552690924158,0.0,12.522440101624513,0.0
eka pada rajakapotasana,Side View (Perfect - Partial),48.36006196827257,11.39064378460229,119.62736078056696,56.64918812526665,50.66096514496067,15.466431986051614,94.59902846911177,13.328274648801258,122.18466753991531,27.519170722711774,90.55692033579211,52.74651155847965,41.86269577177711,27.294012824322387,52.514953883231556,46.94175972839787,100.6641900395336,7.648905976810057,39.8562160729375,26.99770322042648
gomukhasana,Arm-Specific (Extended Side View),96.3025969552058,0.0,136.5202822710126,0.0,35.95102202729166,0.0,111.40348785566206,0.0,178.82612049716576,0.0,10.1774531050365,0.0,28.019281896112684,0.0,101.95124990923355,0.0,112.83077727051511,0.0,89.80386159683167,0.0
gomukhasana,Arm-Specific (Partial Extension),89.74232369923982,16.06932205034349,99.23545819692117,83.74753589427084,120.20307514126269,29.080008787041752,105.68807607380988,44.08451157254938,159.50760604329295,12.670202838056227,52.884496742172665,0.0,131.4615836445364,60.071454882221424,115.12059195539331,35.665195044988195,123.57084647051333,47.37053040821027,24.242771302480893,22.80469450104663
gomukhasana,Back View (Full),96.3025969552058,0.0,64.46882274917988,67.49394191416827,56.92607832260053,44.13897282948963,99.91160735263256,11.04515093910889,130.95706597000807,83.69967080497827,42.40114712346401,20.966699237417302,121.07294144853043,49.92645233330942,57.638743732304846,49.33468647125161,90.10076349355707,6.45520153227577,73.04813749790617,67.23941801989004
gomukhasana,Back View (Partial),101.12927729321164,0.0,101.13168591490236,0.0,95.13641251718047,0.0,75.08232629973045,0.0,171.13967190102284,0.0,52.88449674217266,0.0,146.03616761518515,0.0,13.579223887210476,0.0,95.27088390319835,0.0,2.986885917086832,0.0
gomukhasana,Front View (Mixed),87.8808883680062,39.259688151149646,26.486656375574373,15.781662520615662,96.12131578929544,43.56857439654951,114.80827612314599,46.034823676134,156.58601547505646,28.3863368318957,69.58499957330088,40.00823528751216,124.2220142297527,56.855777369076655,100.30776352132013,28.91033997116809,118.03852687278446,35.88690430449755,46.32607393679212,29.812602597699474
gomukhasana,Front View (Partial),96.3025969552058,0.0,57.47783725092987,71.47521931341339,104.18367615504239,22.183884099974303,112.47171234491053,59.01468808995383,159.05794953824753,15.210043135594374,52.88449674217266,0.0,139.49924769455347,58.62811373244009,107.51873323023604,24.613836315586077,95.03711776973557,58.88173352074171,27.00347826543008,16.706387617771043
gomukhasana,Front View (Perfect),100.56161007290024,15.356090178721086,57.02165074644093,60.44909054837892,104.27661602691995,16.024323715530397,126.75148481960846,27.115590736927153,171.24044783477433,5.186807771819221,52.88449674217266,0.0,129.19725034532507,50.47122231667226,104.97157061524945,15.487791769610945,104.25771530275493,50.46082481675628,37.644222013938595,4.56617400078405
gomukhasana,Rare or Mixed View,100.83535497760391,11.643871197457058,22.67777011567672,10.500169249623532,83.4789257354071,27.719374058149207,130.36521497012853,29.09663188803081,170.6862014842122,12.431777763130551,53.60856719362541,21.76644206545281,139.25363903655273,38.04720742959751,106.15239455158977,27.79259253493482,79.73781558396746,36.903452520505226,33.786288093248146,15.3114436505511
gomukhasana,Side View (Perfect - Near Full),96.3025969552058,0.0,98.25469747671556,96.51391523762622,17.53556985502518,0.6752082186197685,100.18670682839296,0.4740609604192264,173.5437430715762,0.5457737644193192,52.88449674217266,0.0,98.14610303146236,67.7267788372242,83.88767922905643,21.767312741591898,88.39635723307671,0.26966923109908275,65.46779065518243,38.94304899722455
gomukhasana,Side View (Perfect - Partial),96.3025969552058,0.0,30.0090535333264,0.0,39.49947547381168,0.0,131.16073197384318,0.0,179.67749376775623,0.0,52.88449674217266,0.0,24.65653703146509,0.0,100.9560805868082,0.0,83.88105580800821,0.0,61.150639816883775,0.0
halasana,Arm-Specific (Extended Side View),170.35891768460067,2.27861813844514,88.08335201566933,5.5681856382932216,170.95853122221695,0.0,50.170557831587324,0.0,45.262036183118624,0.0,166.71549303127964,6.817915091360802,93.56342935039432,4.711703434805393,174.7365115429562,2.8217178620036614,60.15046341531993,21.588703153600136,139.67883788905672,6.6696273039094685
halasana,Arm-Specific (Mixed),165.74479281461922,8.539514377165878,67.6006495310949,35.24230450418288,153.93631320772394,52.29954270266304,78.00835567055286,42.11741981815233,78.82072659733494,61.226910433412485,168.56946915999805,5.476123548475836,82.58527611298418,11.11673463441104,176.24475569379612,1.7864754476301457,56.40259422010519,21.41762986679474,131.56202325510327,18.670109742429265
halasana,Arm-Specific (Partial Extension),168.1105781757823,5.2791004488177515,85.47433083945997,3.832459520192317,173.6029098536239,4.121492516953912,47.89831612414932,3.6116461460257008,43.727266227150494,2.3793234069582687,171.82826389007028,3.3531528515588898,83.90556339271983,11.605555071403993,176.291736261756,0.1810046732130275,48.179959826546224,2.431811551855667,142.1405280379245,6.525313765263442
halasana,Back View (Full),169.043356888989,0.0,19.74853369053677,0.0,162.13978039897668,0.0,88.816634445304,0.0,98.1228561855444,0.0,171.45891190048798,0.0,88.10209342289136,0.0,176.3656311101612,0.0,47.18717691777088,0.0,139.4765798485154,0.0
halasana,Back View (Partial),172.02394772103958,3.340410562154471,58.435825508212474,49.90436903985291,169.9799062905376,1.6950281032222534,58.64452381554734,15.923413981827377,60.68560796421438,28.487882732033952,171.53409297554677,0.13021744176952285,85.61023910963728,4.316018275615725,176.3656311101612,0.0,47.18717691777088,0.0,139.4765798485154,0.0
halasana,Front View (Perfect),169.043356888989,0.0,84.86855853850292,0.0,170.95853122221695,0.0,50.17055783158732,0.0,45.262036183118624,0.0,171.45891190048798,0.0,88.10209342289136,0.0,176.3656311101612,0.0,47.18717691777088,0.0,139.4765798485154,0.0
halasana,Rare or Mixed View,169.043356888989,0.0,84.86855853850292,0.0,142.16606273893242,49.87001828837443,42.59166469266368,13.127027981750917,32.12704657361731,22.75046936054557,174.0709275046223,4.524143736523298,88.4538236077348,0.6092145507044359,177.51461315891058,1.9900952854185137,45.91312820780214,2.2067170969834384,139.4765798485154,0.0
halasana,Side View (Perfect - Near Full),168.7120587803365,6.540589778903392,85.26220538817488,3.0753137013432927,168.92442220413832,2.6539329615957117,47.451905624158165,7.337876881151736,47.94157268170489,4.429419331577289,173.32735782277487,3.897650034476993,88.3248518394804,3.996600913427503,174.129158521582,8.955636952102445,44.202667811632665,3.3349945280531523,142.83671212983225,7.130175646157415
halasana,Side View (Perfect - Partial),162.04642961797188,19.264276589906718,87.88902779877223,8.152262441695159,173.59454180201703,3.8953357630084353,48.14409089661631,9.411813916624816,43.29425084423935,3.408304185328041,172.176691004536,5.862427680473844,82.18431581149045,11.442289454834162,176.3656311101612,0.0,47.18717691777088,0.0,139.4765798485154,0.0
hanumanasana,Arm-Specific (Extended Side View),170.65786797032314,8.366714030975599,171.68010813737237,5.380046218773444,148.56442108929218,19.220139955900965,120.18115285274979,20.951082784574897,177.8708099132327,1.0933187994031741,167.20855748307048,0.18899699038707982,172.5159654395437,3.163387660485715,174.48146379643117,1.9101051215697293,113.70526638884493,9.988346274524506,12.059835851832801,12.223719772375143
hanumanasana,Arm-Specific (Mixed),167.60482382567653,4.147317855388034,165.40014482319415,11.515418577413786,157.07733847002436,17.684009984218022,116.53137600427871,23.37270067750359,39.010385756235735,77.2343726098768,161.38140072763946,20.25512553643116,132.22034175418878,71.34509935146482,158.03558612092095,25.27132105114543,108.43061724608488,14.994507156834233,169.24760714635673,10.451644901323577
hanumanasana,Arm-Specific (Partial Extension),165.9362874755837,4.968745305061182,155.28863514735036,54.061883113219096,160.9005369982628,10.578462959035473,116.81671473445178,19.1095021244838,55.749924462220235,77.20206963496555,167.02725495276545,4.361926765538365,154.77547544772906,51.577008668484254,155.29349965846185,25.22524170486443,113.89788307312764,16.184179772863864,112.54787487587853,80.60869017016452
hanumanasana,Front View (Perfect),143.49868262428504,0.0,143.24216578140658,0.0,161.12328836466332,0.0,110.64044714856396,0.0,15.91123132109653,0.0,170.31136007509852,0.0,128.88002826416067,0.0,168.59150426207583,0.0,113.28206259621932,0.0,158.31785011988077,0.0
hanumanasana,Rare or Mixed View,164.52007309486413,1.7653323465046429,131.52985250214797,72.78796524739458,154.69272339716204,17.329174968038846,111.29224108285528,23.32043338197174,47.028995549262476,62.59937050568607,153.24219815344057,34.08360079170534,153.8142258041657,57.06716461730606,160.797923607381,15.304319518238035,123.7677916628539,15.718855457799139,85.51609134202512,85.4122289215864
hanumanasana,Side View (Perfect - Partial),164.74170774277167,0.0,167.87584097298063,0.0,161.12328836466332,0.0,110.64044714856396,0.0,15.91123132109653,0.0,167.342198536597,0.0,1.6044868079429744,0.0,168.59150426207583,0.0,143.6654127163886,0.0,158.31785011988077,0.0
malasana,Arm-Specific (Partial Extension),56.05903820242729,0.0,43.57190847773677,0.0,33.711343193590054,0.0,43.23173413709007,0.0,109.01730840741128,0.0,10.347046100500322,0.0,40.55436948918354,0.0,26.295032587736305,0.0,49.28911784987234,0.0,75.44804799797944,0.0
malasana,Back View (Full),59.73556711047605,9.872699077682983,65.83471232163778,25.75378667729261,34.954334220502986,9.071851197363088,37.74382416474913,9.750913628579108,87.82840659790168,33.3209437047398,60.203439620101335,18.95868969461327,51.44778913226496,10.867793562950716,27.141158465174303,11.770212763366812,31.343068541769146,14.321672547492787,92.26994260786157,35.08110453277206
malasana,Front View (Mixed),60.2416684332817,4.5147568644820035,43.35628173516733,4.285539177099742,32.82679921710991,4.738550302583483,44.77557040555054,19.02731124949291,111.3488980390174,4.050230312530023,60.250841471751166,7.599389654869369,43.37592787516091,4.418855210896386,29.346014546194603,8.316023560315886,45.70523823718126,20.450357697105456,59.36888058328536,17.396552918936464
malasana,Front View (Partial),53.48923153892965,5.00354809464653,43.06530475261544,6.211047641584655,31.913592487230154,6.104180116063446,48.45648060925289,12.081068198594934,121.26307607297043,15.84052102589342,51.589022427772434,6.73812704256718,47.53102800490276,8.750907448847142,28.08896209665109,5.985054672999777,45.66337501461135,7.063660697609427,56.1082342620679,16.088312119630192
malasana,Front View (Perfect),51.92307848632643,9.55739632877875,42.82969921030354,4.7089603654379415,35.511294817627885,8.77639274605349,46.20080294889045,10.79554533557693,112.84419524644383,9.489187821980776,49.954617441514394,9.18628749046915,46.578792193368365,5.4828905199358235,33.26530497535253,10.860369864340587,47.25653689403605,9.417484863398377,62.99800517063024,10.031733313183514
malasana,Rare or Mixed View,60.0317263172588,8.845060154304905,37.93294437683059,9.323836939330036,42.378755014812164,6.906842552087031,43.723633010998974,6.918533970327736,102.08714930449275,6.776243248073067,55.40059029799542,4.614661165641055,48.762577412287705,8.715754200581546,38.03064867955907,6.853362307046812,40.41820009526976,9.19903808252562,71.3817869258483,9.032496814865238
malasana,Side View (Perfect - Near Full),68.69535671876025,17.870453024264357,23.597800984944914,28.2476537126043,48.458692047563574,20.855900758336663,55.161583986734975,16.87135545444245,95.46131705923742,19.171066815999797,71.59017345413534,26.229619508018025,72.82388478655056,2.9660820889758215,67.23980819101806,48.93976158219356,80.35422398886072,58.74300594601311,115.49196358172387,86.13520342627145
malasana,Side View (Perfect - Partial),64.7918992579698,12.350130543068046,24.570428506586293,26.87215068036173,26.809248733175693,4.017372815365563,25.942821846001177,24.450214240736813,104.5491841428253,6.636130734581801,61.33977499050347,14.951633146981868,34.35175414922535,46.66430821115532,27.086116486045483,3.706911536772592,40.29043378614874,9.069222012515773,66.91738535393512,21.931645224205447
marichyasana,Arm-Specific (Extended Side View),94.253546935207,63.42872163984832,34.781969108228864,46.06875455102727,101.98674392639481,57.69411054313619,37.68548920354476,51.286422736251055,61.78473336862518,28.90775681626076,99.25299764022746,0.0,76.24447313725568,57.16173640105427,51.83931221250693,6.946620907326845,67.53845440187732,24.71362165976685,87.3039894033977,4.630743244400109
marichyasana,Arm-Specific (Mixed),161.9678461953156,6.236225071628488,22.57438152716565,7.23383819667549,57.52426119256963,8.198735394321504,63.84663457113123,15.738817201007768,82.23106601572874,0.012212896675998392,132.6203229693389,35.41248239546442,24.241184821989282,11.688059855452416,33.134013099769746,19.00160880498162,46.0493675915017,14.279989329598038,89.5092722861957,7.578376336483655
marichyasana,Arm-Specific (Partial Extension),134.074134911414,60.707737871465326,22.21933537634626,9.920950106452123,80.48453772584305,46.18985878701774,82.10102166165368,26.56037889793916,83.84668666130476,37.23536295896684,104.19693682204031,53.12070027907802,32.134876765293455,15.837895708810882,58.11717501096904,36.44936026101559,56.61897581859791,14.646333242596057,89.85727570182735,26.43955935239942
marichyasana,Front View (Mixed),97.44662985088752,0.0,38.21038069116185,0.0,113.40888843962858,0.0,176.84749622055034,0.0,22.25516313397645,0.0,99.25299764022746,0.0,30.687011612794024,0.0,6.43601995170128,0.0,9.7013078668996,0.0,64.46849138541783,0.0
marichyasana,Front View (Perfect),164.75677083194554,0.0,25.809452316365824,0.0,33.687778480794464,0.0,44.78153003007628,0.0,95.95542305953931,0.0,99.25299764022746,0.0,39.43721926354438,0.0,176.05461947255944,0.0,97.61116201044244,0.0,170.75653328916098,0.0
marichyasana,Oblique View (Strong),164.75677083194554,0.0,25.809452316365824,0.0,61.19084712681692,0.0,73.95046650314781,0.0,82.2256042422948,0.0,148.06934250526115,0.0,43.872439487223815,0.0,160.4292860540607,0.0,45.12798202994738,0.0,30.133888964501587,0.0
marichyasana,Rare or Mixed View,125.79397984574109,63.98025389400929,28.08249624050253,8.851151419710467,90.15864804867444,64.4739677086183,71.32951313299257,25.924107393471118,73.7308148163013,49.84596669322044,97.18412739406357,56.51352891653909,36.927598865353936,13.693348621794156,86.39872886701406,65.95558873539616,57.87887280194831,26.565701088236313,87.4734302085776,50.266229984464786
marichyasana,Side View (Perfect - Near Full),175.901123359657,0.0,47.95480746783926,0.0,61.19084712681692,0.0,77.4473934837029,0.0,82.2256042422948,0.0,56.11451251779946,0.0,43.96896330848534,0.0,30.847534576769824,0.0,44.48768525395548,0.0,70.01068108905844,0.0
marichyasana,Side View (Perfect - Partial),167.97773361445402,5.578871188593145,26.896081735151338,1.882097362335548,98.366999902616,64.39098543762678,69.36581806553853,10.146454499138912,59.552722149759084,39.27058373829043,82.40385431054652,47.42305964169455,50.769656492321104,12.98058902783625,39.70044821753251,11.664774934939699,31.704887392681457,15.989151004464063,69.98297058600009,29.259762607711
mayurasana,Arm-Specific (Extended Side View),156.9649913906212,0.0,41.811063058156,0.0,159.01861271397362,0.0,153.837226147588,0.0,153.6756081102498,0.0,149.02790164130693,0.0,49.56570985843671,0.0,164.04033324570335,0.0,161.01758714573347,0.0,149.91228297453682,0.0
mayurasana,Arm-Specific (Mixed),99.84979988199919,13.073651870746376,34.62131402754483,8.490692423955384,142.5301624132496,48.031972104200534,160.97934316900043,16.896102328436882,120.8388923952123,24.668905047947497,99.09706518582178,19.266346835322487,28.06732938016169,14.037836085251207,158.19511914412374,7.243031708312246,157.49231597969157,17.94052088113014,138.42486829065416,13.785157841617904
mayurasana,Arm-Specific (Partial Extension),107.60733225499092,0.0,38.282372973628256,0.0,148.9023117682112,6.165236358399183,166.1950565625496,4.115431192769763,133.28836072526005,15.280949923721549,110.70623669290148,22.741771054964232,31.959932819762155,28.447711614347572,169.1195813685615,9.353034026335184,130.12704211976344,64.222608889303,128.50183985550902,25.328912695329688
mayurasana,Oblique View (Moderate),131.9955761517158,38.04113861158394,36.12380002114803,16.09729907272762,130.56452561418257,13.418938246571713,157.78218105629927,25.93218087720553,93.79124249605199,70.00742020835547,119.63278883680172,27.25514322330714,37.29028577961219,6.439049775682269,138.24618167124456,21.34058256169314,147.61507457179573,19.104864342464094,107.53150226683972,64.86304079666319
mayurasana,Rare or Mixed View,110.84217953060244,36.36659018036308,46.79758953421141,48.98253459246186,158.8015891608481,10.4163901460767,155.52573825515557,16.148194349560377,91.9680286309461,62.746933901629404,91.15234631863743,8.036164608752275,34.5475196512257,2.9467111780136386,157.0003982096478,12.206688201035314,154.4486090121052,10.703812254388286,138.19959345296607,7.60348279514087
mayurasana,Side View (Perfect - Near Full),112.78321147635069,0.0,39.96433277418687,0.0,163.3218012391443,0.0,160.7455765978743,0.0,12.498816087162345,0.0,96.75195671639938,0.0,34.28044916981416,0.0,156.5787950096052,0.0,157.367910052025,0.0,137.9483645179549,0.0
mayurasana,Side View (Perfect - Partial),117.94753782598544,21.938870603655573,40.93454341778945,21.01742732162444,146.92341604109936,14.241618529401258,157.15858074647008,15.046636768372085,102.134613495534,54.84386019311228,93.75702743501951,23.875890104398557,34.451146986828405,3.6006462810731175,147.51339099528403,19.157578971167023,142.91861317844962,35.99917787661503,128.19268328037253,53.702650621239854
natarajasana,Arm-Specific (Extended Side View),173.6636805071096,5.826594933519645,165.76805179808773,4.148457277248486,121.45545233530041,71.57314946632503,128.90363769251775,24.433955231339862,121.26713762583844,54.62403350829074,175.45661818314832,6.317628681608367,67.93617510202465,3.460887045645301,83.88767994079296,17.59126427268987,111.19771859228194,17.744240542350106,60.64385020877073,28.049293640842933
natarajasana,Arm-Specific (Mixed),167.97120648967433,0.0,173.53056906884893,0.0,160.6393145987733,0.0,129.98555217971443,0.0,81.08080516355263,0.0,169.76637499336724,0.0,73.13748762690709,0.0,78.84023363918017,0.0,120.61630164125329,0.0,61.72345816241964,0.0
natarajasana,Arm-Specific (Partial Extension),157.28985635504534,45.771981406681135,102.58122968084257,38.044484741191425,137.6498531262456,44.14206136490295,118.79633584342724,15.342803308071689,103.29958438003973,29.19293325997005,161.61984220919732,34.9310048620701,120.43450640754223,40.40308039027586,132.46702927851777,37.927500911520276,130.20116692675154,25.18862572519123,84.35919392559177,20.06735772620278
natarajasana,Back View (Full),172.91738977065071,0.0,100.39227131518955,7.547184614575222,115.94300923000392,52.099690399077815,128.71319909235882,8.01198052760817,82.62823457396239,25.801072556418973,132.0274783079218,34.632837361113964,108.55122417235674,14.266148779830916,109.12442191032099,54.60069350523963,128.9163003729043,9.829482712906529,74.50550726465505,27.996263975911138
natarajasana,Back View (Mixed),61.78210623631578,0.0,153.59929100898165,0.0,35.3087077259601,0.0,122.8915474635142,0.0,153.760816727169,0.0,170.98938010136442,0.0,110.04020389900788,0.0,176.36332280881993,0.0,152.31881996365755,0.0,79.8208208357888,0.0
natarajasana,Front View (Mixed),172.91738977065071,0.0,134.56496206078432,0.0,153.9346988851289,0.0,120.461561450636,0.0,94.31315390290716,0.0,170.98938010136442,0.0,105.85102425118092,0.0,133.18747832953756,0.0,123.16949669466383,0.0,84.90669458673777,0.0
natarajasana,Rare or Mixed View,165.31950318472124,31.021205741914294,94.89744475264159,42.7918447344587,144.01054453231058,31.390347013519047,121.01802749882576,16.810389324812036,93.60071612075355,16.10072820686955,153.89844324577456,34.01703378965414,125.59704256774745,45.998918908880036,132.34277629511087,43.23067626676364,118.38891038414585,15.162033628332761,79.55096818505324,19.248843676650637
natarajasana,Side View (Perfect - Near Full),152.52777878483363,28.835264387653986,110.19949077187151,8.532837344976004,101.58188849385151,74.0380544836916,119.62838678106552,1.178286917532298,123.57609799631811,41.384052411867415,175.22024700655263,5.9833493579126475,138.25238115634698,39.89804370140275,155.58973676605686,2.8140741928600095,142.25186375064754,10.263757237700435,87.04380299553944,6.13082677046464
natarajasana,Side View (Perfect - Partial),163.85039596674892,21.626121741105603,107.19162664096409,36.84082553931182,142.632731653073,34.795935030180225,126.475328833675,24.552711659713434,96.83771286757289,18.262352675809694,157.5257312380691,27.282873889413157,109.37385571026208,41.46190892369754,117.87410661115072,40.75523406901572,119.5805610663835,17.434540714441077,83.97625482126486,22.743697273529914
paripurna navasana,Arm-Specific (Extended Side View),164.89979577892754,6.849452729910554,47.70459754613213,5.862549574033121,174.99577065443592,0.6902983249325618,70.03570640151946,2.2816308938501715,125.6882709231474,0.2744528677916413,163.17512833917914,4.674239400867273,30.653828558440967,14.757746386997999,172.38075909211332,4.581661537024371,75.05972423954809,10.702653213335603,41.32965358763703,4.6647089117927045
paripurna navasana,Arm-Specific (Partial Extension),145.11625801275036,0.0,52.10734910991963,0.0,174.59722673071497,0.0,70.03850587412377,0.0,125.84672636024676,0.0,142.63105326286572,0.0,54.294880943448106,0.0,166.06910194112805,0.0,56.75808157579559,0.0,44.40838739868492,0.0
paripurna navasana,Back View (Full),162.38822050400373,3.817708291478606,53.473137942126165,2.3346341593086044,173.97763195701063,1.6392936848569906,70.60693244746965,1.5039153516738,126.57239357821467,1.919934993335192,160.64966942200346,16.763839574464946,56.693368080773034,30.849915798291526,170.65744909189362,1.6319731208500914,61.35718228280018,3.6416884378228396,47.77530700177129,6.552758983661082
paripurna navasana,Back View (Mixed),160.94526240151205,0.0,102.83572110201888,0.0,174.59722673071497,0.0,70.03850587412377,0.0,125.84672636024676,0.0,159.73750178492728,0.0,43.59231281076528,0.0,169.73553557037656,0.0,63.42047672105574,0.0,44.0228245335518,0.0
paripurna navasana,Back View (Partial),167.39118031916234,7.726484701271295,65.33054473368851,17.4795861381905,174.18894941240345,0.8165546366230222,68.29288025610279,3.4912512360419448,126.95411650058921,2.214780280684883,164.48162936120417,8.960107920648335,47.20568803348823,10.529924688287048,172.38887992141747,3.6656215176566986,65.48991389154946,2.8551687887095305,45.069147697964965,1.3728800531020529
paripurna navasana,Oblique View (Mild),160.89801824545577,0.0,58.60765451551681,0.0,175.36263456544077,0.0,64.06450314253603,0.0,122.55209050384336,0.0,159.73750178492728,0.0,43.59231281076528,0.0,169.73553557037656,0.0,63.42047672105574,0.0,44.0228245335518,0.0
paripurna navasana,Oblique View (Moderate),150.83245037200723,0.0,49.58319190488858,0.0,174.59722673071497,0.0,70.03850587412377,0.0,125.84672636024676,0.0,142.67763027987272,0.0,40.13230522042596,0.0,158.96342226905983,0.0,66.21555302843194,0.0,39.37456606016352,0.0
paripurna navasana,Rare or Mixed View,157.9870573637627,0.0,8.452592822741243,0.0,174.59722673071497,0.0,112.01926916176696,0.0,125.84672636024676,0.0,159.73750178492728,0.0,43.59231281076528,0.0,178.97057932085897,0.0,70.88682742986268,0.0,138.27538755776908,0.0
paripurna navasana,Side View (Perfect - Near Full),161.21822648400806,4.850840634214445,47.06543132309314,9.958573807314545,174.48788275432554,0.2892969688892834,78.43272491833626,15.868524593476755,125.88264716139368,0.0950375067289234,153.4500824035592,18.749147078983707,42.297870232215026,11.814754626949174,152.3023085818609,30.49666250796876,61.14992992659545,4.517265293321936,35.7733642101747,18.84482098687963
paripurna navasana,Side View (Perfect - Partial),151.97237629946324,20.67373885024655,59.919735752200374,38.3371388591289,174.6021701621209,1.4139410037008067,67.71025472291778,7.822512765932707,118.85219975764525,26.58671293275403,154.48348082133236,11.038323698242937,53.623230185951904,41.36012755041485,160.2561643733539,22.386126045590885,60.84038934496704,12.226725073574043,37.18013371620567,14.078225159924706
parivrtta janu sirsasana,Arm-Specific (Partial Extension),97.16773935234332,0.0,165.49959988688155,0.0,46.36878696720908,0.0,155.9257639866326,0.0,174.0731095097201,0.0,109.91545998527464,0.0,48.56653622699179,0.0,177.22889828117127,0.0,60.72976074329471,0.0,166.0403268318147,0.0
parivrtta janu sirsasana,Oblique View (Moderate),69.90219014944708,0.0,179.5545849130169,0.0,62.04066245857116,0.0,127.66335861388924,0.0,100.4724251311948,0.0,115.2953425391826,0.0,54.16876373700472,0.0,2.4223445290264234,0.0,142.58282016395725,0.0,138.44066778566886,0.0
parivrtta janu sirsasana,Rare or Mixed View,108.76014038589503,19.7789016828965,110.89086477790768,26.971562812199515,103.46069478489129,45.570916043361066,120.12098447189116,59.159381461810575,90.40995338483066,53.761662300751546,109.49213274271013,28.55602805744926,101.33323594427469,38.2531011584463,75.73045344089317,47.27984474787672,130.79109054863227,41.94473319743224,113.7425689658741,60.29496381682703
parivrtta parsvakonasana,Arm-Specific (Partial Extension),113.40006407650856,58.35498681084124,57.90191397671879,33.44884881540902,95.3369196958644,9.756177542768725,60.287895283685465,20.634033362525635,89.08289755239034,5.3432883966230635,73.76873391364165,61.94979148845934,49.149350278593865,21.823341313843454,148.85869767923626,37.16097101133907,158.81600940743738,24.20476847234905,47.71865851067627,66.17327048950565
parivrtta parsvakonasana,Rare or Mixed View,154.9748581114751,43.095821673849635,91.4179704690725,45.616646114174635,145.8824931290609,27.755662340547758,108.44646732912483,42.32412071536556,110.07666060655939,30.517194832203856,148.0178616802795,47.915251021966235,104.28937742987081,50.57566702159963,143.38844960110606,33.383604184672826,115.16953896416184,44.76762962756368,71.73972529220936,36.95210905825147
parivrtta trikonasana,Arm-Specific (Extended Side View),165.86832278421335,0.9618563644131657,94.86450960183359,3.656257502832106,172.79235778185364,0.7560697093419667,117.45559229814748,4.51385823477161,88.69708393160984,42.93049494287141,170.44449842757086,0.46223692297485897,93.73179720191564,47.23192581221658,177.02737311123732,3.0874141259778685,78.85686835751653,37.610084441452706,54.38298500142055,6.581095785650714
parivrtta trikonasana,Arm-Specific (Mixed),167.84465542333533,14.92605499030136,88.37740960809788,20.80227026251004,177.6703865725007,2.108604871388582,64.41993455473929,4.990860967559123,58.97044696625431,8.844989716387506,170.74138883885223,0.8821033691475151,98.65534720251544,0.04229507296238158,174.61954891336433,1.6549424101372214,109.8406226993402,16.96398853300614,124.87473983491435,8.046709924731354
parivrtta trikonasana,Arm-Specific (Partial Extension),165.18625366286642,7.7996679875226835,89.82202543522178,17.573494805134754,177.69074488094157,3.3182674651281157,127.81381862776541,12.816395532462755,93.00745235924656,49.222312977309656,160.65679287542477,20.973313115752653,95.65559728602874,13.578300716741799,171.37591710075364,3.012731265305436,79.84578837307737,13.088117573686349,90.9808727288002,38.33861237788397
parivrtta trikonasana,Rare or Mixed View,167.05173957612482,6.561037134178706,96.08024093404742,12.014199744440091,174.29979706587142,4.246296886318152,98.4650271102652,33.34952449519355,103.91573231748141,31.99258248499843,169.73965895057344,5.971041713848961,94.46954349259869,17.944549551035426,173.1167323328302,8.676761921583998,102.93789469073143,29.998421656152225,75.47114794089453,37.94129451939253
phalakasana,Arm-Specific (Extended Side View),162.69864362198874,0.0,102.5645740025061,0.0,177.68698776029515,0.0,174.90970111228938,0.0,28.465712149375307,0.0,166.9476396989882,0.0,86.89330310440442,0.0,179.87666674928016,0.0,165.96430360388038,0.0,20.01595413423233,0.0
phalakasana,Arm-Specific (Mixed),169.56243901299098,21.804185830908626,74.0226079259901,13.510314712177978,173.78841781238003,4.068640954776268,154.9524893405566,14.519709906483284,96.00190883000741,53.868302840387166,140.69551589550477,42.896048268906114,68.9418655172126,25.355931352735,171.00845669065225,4.5335670181976795,156.23264857435498,9.024294264726867,145.46108316372784,10.114605920073704
phalakasana,Arm-Specific (Partial Extension),167.8234494822586,23.015754018447936,66.7888537690808,12.376169741118618,171.01475692621372,7.927653458211883,160.12184664848357,2.68372595111892,119.6148267600394,38.32137143975908,136.64537008686963,41.99479123854092,74.94447172784703,12.397863940217148,172.71540911882119,4.846810054960093,162.43915904907035,10.99017994620475,137.13373748985381,40.805546418109195
phalakasana,Front View (Perfect),175.10363485840568,0.0,62.15808482532908,0.0,176.38897783556573,0.0,154.94119105249123,0.0,130.2644553070227,0.0,172.42461015191202,0.0,59.184610961211085,0.0,168.96217641018856,0.0,157.84602465723768,0.0,139.4450097969586,0.0
phalakasana,Oblique View (Mild),171.529136099239,3.152022249028544,70.53323331901305,4.54860566959211,179.10961946024747,1.011655017263063,170.38855476807774,0.9365318245440187,155.835331291104,2.7803159890148863,172.17345223979115,2.326592335579138,86.80962838460721,2.408526634371377,175.20856476232888,0.3495005193992796,161.86013473895272,5.451903593543825,163.34307004936224,1.9326314162958562
phalakasana,Rare or Mixed View,153.96819136186184,30.124336841098838,73.22022972450276,35.51406903666531,175.4749946821255,2.5836333524684325,162.92688245810865,8.670042592385881,127.17890336802657,39.64067737189,158.75594067228462,22.061855499094776,77.4265952821144,38.666672583709435,161.97169657104916,31.824127827527423,162.724405953205,12.361407726463517,123.94324339362645,43.963850547002316
phalakasana,Side View (Perfect - Near Full),157.88494418557036,24.47028030696065,54.461895748250875,14.02217167696157,173.21297662940322,1.431257213719689,157.55248953931493,13.485724360693574,102.9649428440523,56.04611079415566,154.91652241129418,21.48246399675824,62.204488188638,18.163469572986283,170.72249811755583,3.9964759272364954,155.19122016039003,11.34696638577765,147.96077283292973,1.921694285036571
phalakasana,Side View (Perfect - Partial),152.99569040750845,36.22823347582441,67.15956259859765,14.043101768591526,168.69027856170783,16.218219715472816,156.6655403186305,11.523403783422115,102.64318137192312,49.92791290732715,148.8874903880365,40.30543019815348,70.12943378541236,13.360294115756695,171.3037027159237,10.360566346177258,160.7580084331315,7.623346385737344,128.09215869804657,41.45475336304168
prasarita padottanasana,Arm-Specific (Extended Side View),139.89961345714713,0.0,88.54893659602746,0.0,178.31087070625372,0.0,22.33623400395711,0.0,60.95576728249887,0.0,127.28383288767164,0.0,87.35140005838312,0.0,177.06274802290733,0.0,27.51799054645028,0.0,115.72553080282204,0.0
prasarita padottanasana,Arm-Specific (Partial Extension),142.4942355146061,5.189244114917926,68.95370652683428,39.190460138386364,178.31146011495872,0.0011788174099602127,45.340683079205725,42.684716458196505,60.187539409823685,1.5364557453503664,107.30268303570888,35.11797905377135,80.13207797745696,40.31517465751714,170.04290939522912,10.905014834011675,40.8681143688041,50.914571122534944,115.95061070869042,12.964156849167905
prasarita padottanasana,Back View (Full),139.89961345714713,0.0,88.54893659602746,0.0,178.31087070625372,0.0,22.33623400395711,0.0,60.95576728249887,0.0,127.28383288767164,0.0,87.35140005838312,0.0,176.74418917018653,0.0,20.86205948773397,0.0,116.0133505730733,0.0
prasarita padottanasana,Front View (Mixed),178.17472891885967,0.0,29.93769803312205,0.0,178.31087070625372,0.0,22.33623400395711,0.0,60.95576728249887,0.0,169.910475500843,0.0,39.133040304903865,0.0,176.74418917018653,0.0,176.92656672429564,0.0,116.0133505730733,0.0
prasarita padottanasana,Front View (Partial),150.4673802947849,15.192021489654552,58.203299993829006,42.01242465330496,177.7110411968518,1.3830212868485352,21.954457035624387,4.866550488848112,60.93517962224422,1.2895062989391333,136.83713675095788,19.194144360967957,57.07249794153768,41.79836112212605,176.8250001867358,0.2285680711862371,20.4660361567675,1.120123131337895,115.54572433898767,1.322646724730712
prasarita padottanasana,Front View (Perfect),127.08111908787423,37.61774972074133,92.53430846448121,30.778418932287426,177.902065223057,1.631864933060639,21.86651014942113,1.5881371465055978,61.291945818337894,1.5029341248445816,122.68403182885804,20.950557776263594,99.93098721663328,35.731933294557834,175.96439661987293,2.995373584646335,20.863358593380482,1.949583647601652,116.88244525839264,3.20760930150042
prasarita padottanasana,Rare or Mixed View,123.62478769116294,23.01607932351393,103.30441245911793,31.756548196202754,175.8674400403733,3.7819780919926824,57.063805917524824,51.30045734475813,62.19659546773198,1.7547960481314606,127.28383288767164,0.0,87.35140005838312,0.0,177.4937103172067,1.0599829714013704,20.55383938467544,0.4358890499414038,115.91243098510768,0.14272185001008997
salamba sirsasana,Arm-Specific (Partial Extension),122.34818371888203,73.63596894077713,84.71036032496787,25.187916622457525,175.3937803319315,0.6216250158205415,155.9920409625936,5.324107280332701,76.28024768227095,9.840816971186838,86.2953953562676,17.57224130682557,85.24891374393367,32.46080299865682,173.12712414774154,0.2781907042640867,135.6093712538314,50.0703687983216,137.39126055781384,53.23211453716602
salamba sirsasana,Back View (Full),70.64059122846292,23.906797703518045,130.45056761039842,24.072127145933916,164.68529271893038,37.82771568407804,146.53185380474025,22.231648865857334,74.28644454729057,20.52984536838989,71.38057074177499,27.219281077830924,110.78247494266134,22.88124061225248,160.91849094681805,41.59839955119901,142.0200514546573,14.97584823613824,92.0028530146324,25.958027085846417
salamba sirsasana,Front View (Mixed),84.49692797714367,0.0,105.93943806714734,0.0,174.9542250678896,0.0,123.18132878504548,0.0,36.28687933570008,0.0,93.7482621302067,0.0,110.97985651924472,0.0,178.0440588205972,0.0,120.5581685108668,0.0,143.73772261555138,0.0
salamba sirsasana,Front View (Perfect),70.27969074161652,0.0,129.4155074399665,34.80863560135829,174.9542250678896,0.0,152.22732860090565,0.0,69.32173926952909,0.0,73.86994436756488,0.0,126.70287780840243,18.255242599054533,171.98662225990432,1.3347225334274349,158.5244196905093,23.854813045508838,98.72118100352144,1.4556364265608317
salamba sirsasana,Rare or Mixed View,70.27969074161652,0.0,169.75132597964105,0.0,156.20276357830892,0.0,152.22732860090565,0.0,69.32173926952909,0.0,73.86994436756488,0.0,179.21976008474508,0.0,172.93041361429334,0.0,131.68599198589354,0.0,99.75047139168475,0.0
salamba sirsasana,Side View (Perfect - Near Full),70.27969074161652,0.0,94.9007864907938,75.81755529721686,174.9542250678896,0.0,152.22732860090565,0.0,69.32173926952909,0.0,74.49489768333403,1.0824508952708094,83.21751530866119,52.960842485900876,152.93510017070346,34.632898797562696,144.98002883415907,5.756486814722187,85.62775881520268,24.46125572315893
salamba sirsasana,Side View (Perfect - Partial),69.77262989367978,0.7170923281005274,149.19430240764888,30.54968704916178,174.9542250678896,0.0,152.22732860090565,0.0,69.32173926952909,0.0,72.93251439391116,1.3257261825161504,141.89836004482913,39.74489966460863,175.24884867095346,3.2787623006099684,116.21124865370746,35.98504730174875,133.77329650543322,48.115540706111034
sukhasana,Arm-Specific (Partial Extension),125.49944682709902,23.07015235222944,23.29612512664407,10.765345406894998,12.85913696681827,0.11218607821051442,72.23236779465773,0.8901119014687353,160.0309097934673,4.610984878382612,146.61312582124592,34.06781809998783,25.705183921754152,14.753930549883119,32.046902617743804,35.00810059425699,33.20269153104405,45.76292242533585,17.477911544364005,0.5971670575744266
sukhasana,Back View (Full),139.74640906066114,0.0,12.732917888892423,0.0,15.504743872603756,0.0,83.49691316616496,0.0,166.7828026489193,0.0,143.88109694413737,0.0,22.71189850058373,0.0,16.44223225707369,0.0,81.31696765429842,0.0,14.751630013362028,0.0
sukhasana,Front View (Mixed),139.68884140114653,29.740005982724078,28.46117629424461,8.908485501840481,16.821409202588725,3.536103792741962,87.82024650268771,4.6493668808483415,170.68943539034504,4.164949049489753,147.96206567846573,22.46526258111818,18.402380197591754,5.839526863973999,18.269565014909627,3.2409892274520615,89.7037047568802,14.723420722266045,12.775731619907114,11.373271285766366
sukhasana,Front View (Partial),151.26804072862032,16.30538825037592,21.764373928492343,7.474069029300074,14.491520816846903,9.219661726460505,80.70478957244823,8.825372422877667,167.31595903719742,4.589031375115643,149.9415231561182,15.858907515966118,21.785523638949144,6.083566343169736,15.207068320077257,4.02141699551817,83.22702004508666,9.303417428030986,11.331496260758085,3.5217814160573573
sukhasana,Front View (Perfect),137.2720013957904,28.950009253148657,26.05537237041605,8.234173082600112,15.296868020659723,5.737045005532749,81.96459325594986,13.032407584113589,164.875407519955,7.2282714663449505,134.86955008184165,29.977653835241078,24.772127663503554,8.928186667587982,15.811424984094344,5.6150810145278625,79.71915954623579,11.334737031741227,17.741446122702726,7.553849747659727
sukhasana,Rare or Mixed View,109.28017410733716,57.05549826625711,36.812975061790006,13.00225740030687,15.57548379882089,6.591937099305694,85.23179832888194,15.952570271059326,167.19107570269642,8.820152442436816,119.01252712853275,63.621351446280514,31.49624694001526,14.066983255839522,21.85200912526507,11.190880058214537,95.14824602193289,23.62324401250885,12.111901215567451,7.093318684352504
sukhasana,Side View (Perfect - Near Full),154.42628291938345,16.6942739349469,8.685431913021583,9.099137552100583,108.80823322211226,81.43772300320518,114.3959217485026,13.189116025210554,170.73650191806976,5.629821885315505,146.96134958156526,13.664041259261596,36.05816976278163,14.963258751801417,15.827999928089987,1.3496869019888194,82.30859621066723,8.927984730654364,17.03999742959147,6.785761800286637
tadasana,Arm-Specific (Extended Side View),160.43367771971592,0.0,166.3333270353824,0.0,176.76553196757334,0.0,167.8356388306049,0.0,85.30882723849594,0.0,150.42405521485296,0.0,147.9787106724567,0.0,177.3693571922248,0.0,179.98425985600704,0.0,85.53551220882152,0.0
tadasana,Arm-Specific (Partial Extension),168.52957502996398,7.085394227919362,37.99128627573283,3.2740457823503832,175.4935675459158,3.0027877729775194,170.92729244922955,1.6466448656363029,93.67126033356375,0.5968859626808821,171.80097625457174,5.618076722428372,40.66193035636394,1.8994204252526377,177.472893070014,0.87643140863872,171.82341316559754,1.7688206859639541,78.7812518841303,5.435423558153732
tadasana,Back View (Full),166.3250606773033,3.084586032963886,58.30806501593208,53.92903737459128,175.97027534725967,1.9479729343387044,172.76262149572457,2.166912172626646,95.02756647267792,1.6680498413565066,146.5300969149439,28.907262635598162,61.01758102132005,68.86265448162918,175.96393210323504,1.8520557619185158,168.60157935405576,10.063004566465798,92.04254616457261,12.087084648479228
tadasana,Front View (Mixed),165.06578370255707,0.0,36.291627701393416,0.0,176.76553196757334,0.0,171.8779833056644,0.0,94.34658797653562,0.0,165.52224701633776,0.0,38.790682248123154,0.0,177.07749767998033,0.0,173.0144155531648,0.0,81.95484013091894,0.0
tadasana,Front View (Partial),153.6056264045414,28.14027155711537,94.2392913707585,77.5723835571357,177.43248382919577,0.8426892254689495,172.9183934721321,3.6648530951583393,96.99536253634443,3.7201637531445955,156.39930398928797,28.266547081798922,96.38734622986911,75.2977856331684,177.62588048085428,2.0531624941770588,172.76921877069876,4.514906746060789,81.65500272639036,2.801695023713248
tadasana,Front View (Perfect),164.97885713355564,9.059240544774005,46.422902495683296,50.90840494784923,176.45134796244668,2.477998766782149,171.42136706935665,6.808865150465107,94.63257948661305,3.307186001112111,165.78117577389088,9.491290640862292,46.98008145582594,51.66338427642001,176.8877777377161,2.6065406089308256,172.73801220441717,4.335231611181496,82.91732558282678,3.448166706931009
tadasana,Rare or Mixed View,136.900021501636,65.56429375499415,81.36576647822886,56.33396342427197,176.17342427786247,2.7168508479413727,168.87555646678038,4.328604818800685,97.3483258189901,2.61763188254359,130.64113549894574,71.01402543641771,82.2522998385603,61.48584712924376,174.7719883953041,3.647379271919732,173.57112641909092,7.523845651468708,78.38773928728362,3.824170282241555
tittibhasana,Arm-Specific (Extended Side View),165.93072715773036,0.0,26.085594948788486,0.0,163.25464892873697,0.0,15.95180391550748,0.0,33.72095587640324,0.0,168.65149859019905,0.0,13.121867035225756,0.0,171.77138811535005,0.0,21.64442188786332,0.0,90.82879169993936,0.0
tittibhasana,Arm-Specific (Partial Extension),172.19577498082808,6.43363700862549,27.766595546388135,13.35242255106967,157.62039014621428,0.0,23.2029498035278,0.0,57.53289704071157,0.0,172.0312711108531,4.758418863401981,17.43533316746452,8.657571173778756,111.77481584915161,84.2463461655051,109.33549937649104,76.08133082785449,98.95650228165657,43.79915752983711
tittibhasana,Back View (Full),165.59320885503587,0.0,23.74340649196934,0.0,157.62039014621428,0.0,23.2029498035278,0.0,57.532897040711575,0.0,167.92514139131032,0.0,21.999003911564945,0.0,106.58037051575434,0.0,5.07522921536042,0.0,28.37899258217206,0.0
tittibhasana,Front View (Mixed),160.3487031390961,6.1660566838740625,43.51422760045893,26.987828030282525,164.54030963013338,13.79021362639178,28.887793141772377,4.493692183332983,45.16590803148769,24.733978018447768,169.0889530413931,11.482677485021686,29.32804608981411,7.767678916512523,160.41446648604838,0.0,17.568450330770567,19.47565370268559,137.7150258019746,26.94213626037554
tittibhasana,Front View (Partial),174.5307701558878,0.0,21.74382195784732,0.0,178.11674894606236,0.0,18.38566459530758,0.0,57.595231304957935,0.0,173.50336442752842,0.0,21.85141576176107,0.0,169.33003419131023,0.0,19.110521836694723,0.0,124.24395767178684,0.0
tittibhasana,Front View (Perfect),161.8632282617119,6.26742068905349,34.43062660832277,20.73666467274359,136.119460539085,55.60109797064863,33.440718953063445,17.843424501958943,62.789003007172084,58.713144513221735,163.00941139786377,5.835156352939859,31.443391741318166,15.48590104065601,162.78436231020942,15.50351388767693,38.92180213815225,28.462454503236838,138.16485017945215,22.628812130544784
tittibhasana,Rare or Mixed View,162.73136434233933,13.945883881794837,24.165474316723856,15.19517882078414,146.22915164347472,27.115365762335404,84.29297149087594,55.77066738563212,50.01809244131911,31.47962776724892,170.37340341408833,10.019394782350464,51.121273053880074,24.898108024789057,152.4183030366001,15.047121476684632,24.57766996047735,6.873332026871469,146.9785282620678,22.34635115563437
tittibhasana,Side View (Perfect - Near Full),166.9724989076622,1.4777104298752124,20.498346992143393,7.287311782251891,162.53598466360603,8.514059453529532,20.697853223423234,4.3389545546081525,70.02443674103901,21.635981425730826,165.09248325759998,6.164395380978243,24.321978691585056,15.44277915965666,152.38046333410892,21.138236568090836,21.578678574372578,4.016059866000482,61.120788562496635,57.31153139213044
tittibhasana,Side View (Perfect - Partial),162.23335878104612,6.583552093366122,16.076950429352493,11.966006854698211,127.81996138447514,16.360785228834136,11.863995185557732,6.982172215183497,126.76246136035962,64.18182460209938,169.22200820769126,0.6587677624687913,20.634111042858667,11.158770139992873,146.84020111790105,18.109488615060386,16.487780457208963,13.899518321019423,124.58289453348466,54.36716019535911
tolasana,Arm-Specific (Mixed),171.65809862881343,0.0,36.64936798989087,0.0,11.154087807149203,0.0,57.01151323292701,0.0,171.86672649197297,0.0,160.0601744188302,0.0,28.57018833503671,0.0,9.18589182711012,0.0,168.3977610308974,0.0,7.614015233821262,0.0
tolasana,Arm-Specific (Partial Extension),173.50463008180427,5.107367532270471,33.54756212980033,1.845659932671961,7.810565848169301,5.791149909175413,62.96063385304257,21.364566392458357,171.44968188535492,0.7223424476850568,170.25894301773482,4.358136645047728,28.9121805875764,3.451593090996582,9.18589182711012,0.0,54.52741061323144,60.588110367508364,7.614015233821262,0.0
tolasana,Back View (Full),171.65809862881343,0.0,31.88845990231206,0.0,18.06474242446688,0.0,55.352398128117,0.0,157.4962214203859,0.0,164.5553279369759,0.0,12.075763336187665,0.0,9.18589182711012,0.0,100.2853383107708,0.0,7.614015233821262,0.0
tolasana,Front View (Mixed),163.36302688002837,22.757734850889538,34.7516782339558,5.894064698843822,9.021158840492667,4.137822908362155,60.076507330096014,10.781277490283792,170.59798241715768,4.327788917740657,168.47301004372275,6.941683072712062,30.20369400982136,4.405893511064124,9.257094235380173,6.494011022479602,77.54755946924578,17.5651350857356,7.0032985685491695,1.6177885755617607
tolasana,Front View (Partial),172.92795525109284,4.694262668430988,31.12776484580756,5.504017568538832,11.515731923773528,2.776209299299802,62.41559538299315,21.387405196181138,170.33935246054807,9.102538771440853,172.415479450694,3.59847540223702,30.764814556336386,6.487779585622997,8.639009561933479,3.1992597919368952,69.05903987591786,17.762383035028286,10.291227031199716,8.527179708491607
tolasana,Front View (Perfect),171.87670222260934,3.6166046344004954,29.51900197206033,8.952106664119404,11.271131173207348,6.696876644991297,77.36853618979602,14.883194495425082,171.62243843436633,3.8318769093218847,174.05145699227023,3.1857433575588345,26.73552026603138,8.010325121321902,8.760765601943643,4.019881792121385,78.2404104328557,17.32935026558935,11.92099560697968,13.016363870938335
tolasana,Rare or Mixed View,168.97878687437952,7.858347134667708,28.22528843797501,8.992038357240602,19.020663265500083,22.62183202151088,83.11690798909686,37.8480560315494,165.5799056537636,22.417038249648073,173.04786583941603,4.118540539732442,25.418657202469067,6.997821149165621,17.363943186889365,26.366454227002713,72.87061989974842,19.945979150101333,13.48502318454169,21.05341591572346
tolasana,Side View (Perfect - Partial),156.17317254984732,0.0,19.75177899933484,0.0,1.9377598315712692,0.0,53.194583540456094,0.0,171.58722671499714,0.0,162.96105821770425,0.0,15.02356402536102,0.0,104.34591701357512,0.0,30.47937389322795,0.0,23.99321151624244,0.0
uttana shishosana,Arm-Specific (Mixed),142.66524941803692,4.954857071244223,165.77981067467468,7.03592423277171,75.71986018487392,6.0674870079747105,34.358133288091906,0.40569988809671736,19.920494918027817,2.1688575029318065,123.81106345397521,42.451230422199345,174.5980957409625,1.2775028375215867,84.31691778172168,13.50550623820979,33.3184460357367,6.592289917447893,165.78398039547912,2.0591344955661763
uttana shishosana,Arm-Specific (Partial Extension),150.3754063100247,17.3500562897159,147.84389284892765,24.915727923837785,79.43770874528217,0.5461692992380315,39.396462092615764,9.040895256704447,65.3766042301261,80.1786165797297,119.35016385416641,44.578251532168665,121.01024278709053,70.23282254343631,80.88506646866354,21.844667197054875,49.52851509233572,29.880547613738813,160.9490461924527,14.737166610298994
uttana shishosana,Front View (Partial),140.35834664070205,0.0,49.31998735376318,0.0,162.00775728242863,0.0,177.3985302928496,0.0,123.6625972060178,0.0,140.46737110347448,0.0,173.88596701342186,0.0,79.10359074659144,0.0,32.40035249409069,0.0,164.2942900413892,0.0
uttana shishosana,Rare or Mixed View,136.8688508067003,10.262137014092248,160.78521455307973,10.879314675305054,76.92272927575667,8.281966096323906,32.82037424299357,3.845524866990346,30.09566070633386,42.244082616590894,140.0187161910351,5.492102273578432,166.0083636526497,15.676170278907875,77.63938060313377,3.505013697929562,31.838113979069572,1.9380454716666857,162.81497188378032,3.7222933152281783
uttana shishosana,Side View (Perfect - Near Full),146.02897800434496,6.372417942105798,164.91119033467837,11.741710480628685,68.0412367460213,20.602562946128792,34.62840667738622,0.7259322277959364,25.413167624780026,15.747810535580925,140.46737110347448,0.0,170.58542633002287,5.716704156095142,79.13478546253202,0.054030832936765666,30.994019100884923,2.4358408894131283,166.07924175752444,3.0916270614035013
uttana shishosana,Side View (Perfect - Partial),137.6618111863489,12.047790005937562,164.30707572316774,7.066057504331893,77.74564194152059,5.483524828645796,32.11067546613284,2.3277449832786763,16.8219565838667,5.656372287116615,141.64898226740794,2.399765532543179,175.0919460747683,2.26298279530611,78.65244180465398,2.6442583126085206,33.118483913933325,2.146755973001639,113.18993224350972,78.188627230919
utthita hasta padangustasana,Arm-Specific (Extended Side View),115.03723333462852,71.71856503538584,73.09812082178895,33.02174812356538,160.95702241865587,29.13785044081232,81.1933348311652,58.60288512211886,69.81443223338754,38.70950921407579,115.39434394737162,68.08537320417268,88.6707045081453,4.241033911600726,170.03025694434427,7.976310040777355,129.11117004646235,72.7601640074694,96.85168601102714,39.275946608320076
utthita hasta padangustasana,Arm-Specific (Partial Extension),140.52284462538753,55.628436745557835,110.46441154192546,36.82072653964595,174.9332019785045,4.022234581521087,128.90248998252565,43.425065062910434,80.84594379031344,30.570593564924277,130.09339028192008,51.96289357226016,79.6538631729116,16.794930365277384,172.76457047649666,4.90772630773697,118.00186204854766,60.398073390521695,114.53300972021546,41.83635869981966
utthita hasta padangustasana,Back View (Full),154.5038572359484,36.51365070198083,90.10631280140365,30.65056164905362,163.99416599334188,19.52745137092721,122.62153442130422,44.998539260686755,70.8547668431108,54.91544884029082,144.28867548310376,47.232644675701145,84.86572538293592,21.1517519065542,167.65715772045442,14.332553088840152,123.217346016592,49.20143813556565,130.08800268511007,32.206621759978695
utthita hasta padangustasana,Back View (Partial),127.12400296953513,59.666689561079565,72.79387945265252,27.35244451201004,172.20890368456438,7.802021509309727,168.90516944400974,3.9945927282021967,93.44807942556011,1.673431957336824,174.87123951198885,2.261167012327426,98.59694030321958,6.874733531895578,177.59825442245665,1.2762049595084646,68.52958309587846,8.59205152044536,84.32890158730743,108.62653700839982
utthita hasta padangustasana,Front View (Mixed),158.97658532649453,29.713609265489197,95.09506112024997,20.431766867327056,177.54052369579546,1.409012771696549,169.0321800675368,10.234322698009409,100.147514064774,4.857595871782732,172.41268391198258,3.3888371756101496,93.73265468625823,5.07414087651325,157.80499493269224,35.78646945291771,56.73989665422778,14.24057357329379,134.2896399670675,49.690956739945676
utthita hasta padangustasana,Front View (Partial),146.95517896489,44.91511668449145,81.94982523760586,21.292897962677785,174.43707889914307,1.9898418483179345,101.06320232484887,63.22741341299413,51.66770357621124,45.57029286031344,145.16578187133828,46.7773902329365,91.9872739418082,19.42950909377012,178.68353688556059,0.5273935100868213,132.03815169332856,63.59957390401223,106.72345167939305,46.08782324205152
utthita hasta padangustasana,Front View (Perfect),162.54290015388176,23.71310858143305,102.56350050764651,19.389674498102764,176.29757677657335,2.2668522253076153,113.94668855373943,54.082215940165796,63.087387570297516,36.47225261306111,158.9624437485776,33.03606733592889,96.83825571092792,16.1259333158088,175.3525484234623,2.5177670976252644,116.81818834809098,57.020086153455416,114.57756823525352,36.26903890287239
utthita hasta padangustasana,Rare or Mixed View,140.43446374088842,43.52675786635907,96.19181147876589,29.660682348947255,174.3047654420427,5.084686609658791,128.78494633500247,51.32848848524765,87.662870722927,44.01488653566638,156.97296797454771,33.79530050416066,87.19806864382582,21.868934302845524,174.3937442184591,3.794403213749411,98.41878091866539,52.944739829198,122.54985950680793,37.84489807554613
utthita hasta padangustasana,Side View (Perfect - Near Full),75.42600922802107,5.225637486160257,68.44742265274117,8.668294802607543,168.30660528879147,4.278722697581003,163.90628494297997,9.47828369236315,85.09383375540075,2.9041279023843356,176.45661362027735,2.7641033670278086,96.27229487563388,6.060587652260721,175.3789488747312,1.1918010684939961,67.35846729620572,4.91572521574757,162.1736234398306,3.9730323367544274
utthita hasta padangustasana,Side View (Perfect - Partial),169.31472376912708,0.0,92.13497844912358,0.0,173.29567858711076,0.0,32.73040322619973,0.0,135.89724680582503,0.0,177.58122210242024,0.0,140.8142632124171,0.0,162.53082498166305,0.0,176.42875337357637,0.0,90.11371718777067,0.0
utthita parsvakonasana,Arm-Specific (Partial Extension),163.62117463189915,12.116361470011164,116.99455990209735,57.5812779585889,128.8979877499774,45.42878425287647,97.3914535238903,70.24462048053115,82.73387047713801,33.33885010539784,154.03355677784313,44.535021117376125,130.87782848548628,61.21496571346186,142.15108863477712,40.07652790377495,116.92216935026443,67.71853253536244,106.61191228906931,42.176112528059896
utthita parsvakonasana,Front View (Perfect),173.5236882199311,0.0,105.80600966116216,0.0,177.76446027379862,0.0,146.1930260615596,0.0,60.08657679365947,0.0,174.29513806409082,0.0,120.30390483965296,0.0,174.75127589366903,0.0,140.1042716075925,0.0,123.64318820927106,0.0
utthita parsvakonasana,Rare or Mixed View,169.88949959001863,9.324916774379215,118.64498610733541,52.62853816884138,150.47509978726126,37.06474863968316,125.92309552175418,62.220964106202146,62.22851579453985,27.81739393849851,169.83761414594815,10.941420921520493,148.00489675847479,34.76797680702007,139.7565040161729,38.48518666269845,105.49808008660533,67.71317762197862,110.40134739652441,28.225056792098673
virabhadrasana ii,Front View (Mixed),171.29021478987517,3.1473572715722353,92.7589870091256,17.911661579107307,152.76229851046082,34.45726223847559,134.40369511371728,19.97901178703581,66.88304316164164,24.747477134050598,175.67533461761548,3.5985226251451463,112.76804484487059,4.804652740550199,141.43346623167156,38.62949245859018,130.4172905623284,2.2951894083740116,98.02417150748387,56.699545551809884
virabhadrasana ii,Front View (Partial),177.73959175661253,0.0,101.74804446213328,0.0,102.57763883765104,0.0,79.43434571761742,0.0,76.7930216141535,0.0,179.0572298673665,0.0,89.30639393198202,0.0,178.98464025366394,0.0,127.38793781727232,0.0,139.57012745423194,0.0
virabhadrasana ii,Front View (Perfect),178.09526648561769,0.9219807315472682,98.29988877491276,5.568448256248837,143.38884766040835,51.44415948056779,116.79770855401401,25.646368765878034,68.64453281161846,27.75108508575771,175.85480002877262,1.5864238940214241,93.78180629471086,11.61781408170429,143.02046020877327,43.45751484961746,115.44324015078053,22.19434353514393,116.98655985613799,32.54851890324049
virabhadrasana ii,Rare or Mixed View,174.13079781944853,4.094082266474684,97.10263721919094,13.39374678864763,148.47378582206727,33.588253280398426,116.36089736223855,17.48163105841085,65.13788490803566,28.361810022301317,174.99127713710558,4.289346020613522,98.86254277718685,6.911300039512007,133.88668507352253,35.28486897777513,109.84605025544404,17.42649902735486,107.49803103607285,27.40029751140323
virabhadrasana ii,Side View (Perfect - Partial),178.10505368282017,0.0,111.27031534442416,0.0,114.0251617912331,0.0,125.8441274784468,0.0,90.98453891919608,0.0,179.99484478576693,0.0,105.6356830226535,0.0,156.47711295317603,0.0,163.44624172683987,0.0,36.81849549765262,0.0
vriksasana,Arm-Specific (Extended Side View),64.92327079878379,25.628758815964442,119.80320225469305,84.92747208106479,167.78560349860766,7.539556929267542,165.77786438651134,4.9026762912240756,80.81130329767748,25.261994592877123,51.66341557923269,5.421862193498776,90.08360217993933,55.89423955969545,89.63955226547665,100.10322949808311,115.72848056465381,15.533722286440968,116.4199425746109,83.68751616678212
vriksasana,Arm-Specific (Mixed),66.04831182021684,0.0,152.87667238446315,0.0,162.0948931496854,0.0,171.52758216499862,0.0,120.87121902026216,0.0,60.40748950498472,0.0,134.21091725036092,0.0,16.27946517230845,0.0,97.913346861065,0.0,3.812833877163468,0.0
vriksasana,Arm-Specific (Partial Extension),105.84216004030164,38.98082790343188,156.8483777651307,14.906484247439733,78.00496297265573,78.15474869358567,109.99699342106639,34.454451878546394,149.97780697362452,32.99687649841538,103.80511111896253,40.40597216707455,139.01260168289883,45.996416412429305,155.4181435203861,49.82386728674724,156.10080140992758,34.24489898473645,58.14384268426731,20.979679379023864
vriksasana,Front View (Mixed),122.29803463752704,0.0,163.6276058941018,0.0,179.6435218097348,0.0,174.33657271381253,0.0,118.19766847740335,0.0,123.45458690914175,0.0,174.87991530293064,0.0,160.42322466224445,0.0,102.53396848731086,0.0,57.24393239242043,0.0
vriksasana,Front View (Partial),41.19437209167964,0.0,60.5240711934918,0.0,23.343597859857784,0.0,104.33556392577732,0.0,165.92788660991658,0.0,34.051580501526324,0.0,73.0240625164577,0.0,178.01639815902,0.0,178.7746084271229,0.0,64.89460151627416,0.0
vriksasana,Front View (Perfect),57.65182231857515,8.352123093410286,88.81561077976339,77.91371036179629,12.41971422063758,2.318518296784697,96.5867178465623,4.237013734727873,176.15628231185445,2.038068912342718,58.493477889413015,21.99264357346434,111.57199929661414,77.02147229011098,176.6015249633603,2.026299891827865,176.27806470476187,0.8836332595572388,68.85902992170477,7.564620533789339
vriksasana,Rare or Mixed View,66.00157452683325,41.1567756581799,97.58207822544782,55.01667190562524,126.68725883053168,69.02261901636128,146.3881561814342,35.75232242432902,128.8077304287479,30.25815749052645,61.844923104763986,38.934199718217954,95.40583525586925,52.79820005608604,90.1014417367987,72.21786203746994,117.19968405844101,33.00175649517047,34.95606472181644,27.72782297160814
vriksasana,Side View (Perfect - Partial),91.45525912023926,80.77355530284478,113.44694452315069,72.18884571951735,94.99056315919178,119.84704324456305,138.36380496966132,57.963874485751035,144.6853739151016,49.86731756660537,103.93804989862251,90.7101117993675,96.74045231732623,45.9098566726971,167.52404056313898,10.042070150959573,135.27140129885646,58.50867757607824,59.864284115965674,3.705736945625392
